location,Total Cases,Total Death,Mortality Rate,Population,Population_Density,median_age,aged_65_older,aged_70_older,gdp_per_capita,cardiovasc_death_rate,diabetes_prevalence,handwashing_facilities,hospital_beds_per_thousand,life_expectancy,human_development_index,female_smokers,male_smokers,January,February,March,April,May,June,July,August,September,October,November,December
Afghanistan,49160,2010,0.0409,38928341,54.422,18.6,2.581,1.337,1803.987,597.029,9.59,37.746,0.5,64.83,0.498,0,0,0,0,174,1952,13081,16299,5158,1494,1109,2157,4849,2887
Albania,50635,1039,0.0205,2877800,104.871,38,13.188,8.643,11803.431,304.195,10.08,0,2.89,78.57,0.785,7.1,51.2,0,0,241,530,364,1398,2741,4237,4136,7226,17307,12455
Algeria,93506,2630,0.0281,43851043,17.348,29.1,6.211,3.857,13913.839,278.364,6.73,83.741,1.9,76.88,0.754,0.7,30.4,0,0,715,3290,5388,4513,16487,14100,7036,6412,25257,10308
Andorra,7445,78,0.0105,77265,163.755,0,0,0,0,109.135,7.97,0,0,83.73,0.858,29,37.8,0,0,375,369,19,91,70,251,874,2706,1989,701
Angola,16406,377,0.0230,32866268,23.89,16.8,2.405,1.362,5819.495,276.045,3.94,26.664,0,61.15,0.581,0,0,0,0,6,20,59,198,864,1506,2318,5833,4334,1268
Antigua and Barbuda,150,4,0.0267,97928,231.845,32.1,6.933,4.631,21490.943,191.511,13.17,0,3.8,77.02,0.78,0,0,0,0,6,17,2,43,22,3,7,27,13,10
Argentina,1517045,41364,0.0273,45195777,16.177,31.9,11.198,7.441,18933.907,191.032,5.5,0,5,76.67,0.825,16.2,27.7,0,0,1053,3374,12423,47679,126772,226433,333266,415923,257609,92513
Armenia,150217,2555,0.0170,2963234,102.931,35.7,11.232,7.571,8787.58,341.01,7.11,94.043,4.2,75.09,0.755,1.5,52.1,0,0,531,1534,7216,16260,13008,5231,6578,39454,45311,15094
Australia,28068,907,0.0323,25499881,3.202,37.9,15.504,10.129,44648.71,107.791,5.07,0,3.84,83.44,0.939,13,16.5,0,16,4534,2207,436,718,9360,8539,1277,499,317,160
Austria,330341,4763,0.0144,9006400,106.749,44.4,19.202,13.748,45436.686,145.183,6.35,0,7.37,81.54,0.908,28.4,30.9,0,7,10171,5272,1279,1035,3364,6308,17375,60112,177531,47887
Azerbaijan,187333,2049,0.0109,10139175,119.309,32.4,6.018,3.871,15847.419,559.812,7.11,83.241,4.7,73,0.757,0.3,42.5,0,0,295,1506,3690,12030,14354,4557,3794,15040,65907,66160
Bahamas,7713,163,0.0211,393248,39.497,34.3,8.996,5.2,27717.847,235.954,13.17,0,2.9,73.92,0.807,3.1,20.4,0,0,13,67,21,2,470,1643,1906,2591,827,173
Bahrain,89599,348,0.0039,1701583,1935.907,32.4,2.372,1.387,43290.705,151.689,16.52,0,2,77.29,0.846,5.8,37.6,0,40,526,2473,8358,15360,14224,10990,18892,10781,5311,2644
Bangladesh,495838,7155,0.0144,164689383,1265.036,27.5,5.098,3.262,3523.984,298.003,8.38,34.808,0.8,72.59,0.608,1,44.7,0,0,48,7616,39486,98330,92178,75335,50483,44205,57248,30909
Barbados,299,6,0.0201,287371,664.463,39.8,14.952,9.473,16978.068,170.05,13.57,88.469,5.8,79.19,0.8,1.9,14.5,0,0,32,47,11,5,13,64,16,47,39,25
Belarus,165896,1290,0.0078,9449321,46.858,40.3,14.799,9.788,17167.967,443.129,5.18,0,11,74.79,0.808,10.5,46.1,0,0,151,13875,28529,19562,5690,4035,6788,19851,38165,29250
Belgium,615057,18275,0.0297,11589616,375.564,41.8,18.571,12.849,42658.576,114.898,4.29,0,5.64,81.63,0.916,25.1,31.4,0,0,12774,35744,9862,3046,7324,16485,33216,310777,148116,37713
Belize,9671,211,0.0218,397621,16.426,25,3.853,2.279,7824.362,176.957,17.11,90.083,1.3,74.62,0.708,0,0,0,0,2,15,0,6,24,959,985,1495,2367,3818
Benin,3151,43,0.0136,12123198,99.11,18.8,3.244,1.942,2064.236,235.848,0.99,11.035,0.5,61.77,0.515,0.6,12.3,0,0,8,55,168,967,606,340,212,286,372,137
Bhutan,439,0,0.0000,771612,21.188,28.6,4.885,2.977,8708.597,217.066,9.75,79.807,1.7,71.78,0.612,0,0,0,0,3,3,36,34,24,124,57,67,61,30
Bolivia,148212,9028,0.0609,11673029,10.202,25.4,6.704,4.393,6885.829,204.299,6.89,25.383,1.1,71.51,0.693,0,0,0,0,105,1060,8815,23237,43570,39809,18713,6446,2951,3506
Bosnia and Herzegovina,103230,3510,0.0340,3280815,68.496,42.5,16.569,10.711,11713.895,329.635,10.08,97.164,3.5,77.4,0.768,30.2,47.7,0,0,418,1337,753,1943,7423,8088,7505,22621,37811,15331
Botswana,12870,37,0.0029,2351625,4.044,25.8,3.941,2.242,15807.374,237.372,4.81,0,1.8,69.59,0.717,5.7,34.4,0,0,1,19,12,192,577,829,1539,3470,4100,2131
Brazil,7040607,183734,0.0261,212559409,25.04,33.5,8.552,5.06,14103.452,177.961,8.11,0,2.2,75.88,0.759,10.1,17.9,0,1,5715,81470,427662,887192,1260444,1245787,902663,724670,800273,704730
Brunei,151,2,0.0132,437483,81.347,32.4,4.591,2.382,71809.251,201.285,12.79,0,2.7,75.86,0.853,2,30.9,0,0,128,9,3,0,0,3,2,2,2,2
Bulgaria,186242,6195,0.0333,6948445,65.18,44.7,20.801,13.272,18563.307,424.688,5.81,0,7.454,75.05,0.813,30.1,44.4,0,0,395,1107,1007,2476,6701,4576,4567,32011,92456,40946
Burkina Faso,4448,72,0.0162,20903278,70.151,17.6,2.409,1.358,1703.102,269.048,2.42,11.877,0.4,61.58,0.423,1.6,23.9,0,0,260,384,202,115,144,262,688,444,386,1563
Burundi,739,0,0.0000,11890781,423.062,17.5,2.562,1.504,702.225,293.068,6.05,6.144,0.8,61.58,0.417,0,0,0,0,0,9,52,107,217,58,63,77,103,53
Cambodia,361,0,0.0000,16718971,90.672,25.6,4.412,2.385,3645.07,270.892,4,66.229,0.8,69.82,0.582,2,33.7,0,0,108,13,3,16,98,35,3,14,35,36
Cameroon,25471,444,0.0174,26545864,50.885,18.8,3.165,1.919,3364.926,244.661,7.2,2.735,1.3,59.29,0.556,0,0,0,0,192,1639,4072,6688,4663,1887,1696,955,2652,1027
Canada,485575,13814,0.0284,37742157,4.037,41.4,16.984,10.797,44017.591,105.599,7.37,0,2.5,82.43,0.926,12,16.6,0,16,8507,45930,38022,13618,12184,12637,30189,76206,144244,104019
Cape Verde,11457,109,0.0095,555988,135.58,25.7,4.46,3.437,6222.554,182.219,2.42,0,2.1,72.98,0.654,2.1,16.5,0,0,5,115,314,792,1224,1433,2140,2769,1968,697
Central African Republic,4935,62,0.0126,4829764,7.479,18.3,3.655,2.251,661.24,435.727,6.1,16.603,1,53.28,0.367,0,0,0,0,2,47,961,2734,863,103,118,37,47,23
Chad,1799,100,0.0556,16425859,11.833,16.7,2.486,1.446,1768.153,280.995,6.1,5.818,0,54.24,0.404,0,0,0,0,6,66,705,88,70,77,187,283,205,112
Chile,576729,15958,0.0277,19116209,24.282,35.4,11.087,6.938,22767.037,127.993,8.46,0,2.11,80.18,0.843,34.2,41.5,0,0,2842,14858,105848,155843,76274,56059,51265,47265,41487,24988
China,94078,4740,0.0504,1439323774,147.674,38.7,10.641,5.929,15308.712,261.899,9.74,0,4.34,76.91,0.752,1.9,48.4,0,69554,2923,1677,190,639,2870,2259,631,821,1536,1724
Colombia,1456598,39558,0.0272,50882884,44.223,32.2,7.646,4.312,13254.949,124.24,7.44,65.386,1.71,77.29,0.747,4.7,13.5,0,0,905,5601,22876,68463,197662,319586,214585,244505,242622,139793
Comoros,632,6,0.0095,869595,437.352,20.4,2.963,1.726,1413.89,261.516,11.88,15.574,2.2,64.32,0.503,4.4,23.6,0,0,0,0,105,197,75,45,56,66,66,22
Congo,6199,98,0.0158,5518092,15.405,19,3.402,2.063,4881.406,344.094,7.2,47.964,0,64.57,0.606,1.7,52.3,0,0,18,201,391,476,2113,779,1110,201,484,426
Costa Rica,155262,1966,0.0127,5094114,96.079,33.6,9.468,5.694,15524.995,137.973,8.78,83.841,1.13,80.28,0.794,6.4,17.4,0,0,346,372,337,2403,14361,23467,34473,34211,29667,15625
Cote d'Ivoire,21740,132,0.0061,26378275,76.399,18.7,2.933,1.582,3601.006,303.74,2.42,19.351,0,57.78,0.492,0,0,0,0,178,1096,1558,6666,6548,2020,1657,992,615,410
Croatia,183044,2869,0.0157,4105268,73.726,44,19.724,13.053,22669.797,253.782,5.59,0,5.54,78.49,0.831,34.3,39.9,0,5,861,1209,170,531,2362,5130,6324,32723,79126,54603
Cuba,9668,136,0.0141,11326616,110.408,43.1,14.738,9.719,0,190.968,8.27,85.198,5.2,78.8,0.777,17.1,53.3,0,0,183,1315,544,296,267,1424,1565,1290,1397,1387
Cyprus,16188,84,0.0052,875899,127.657,37.3,13.416,8.563,32415.132,141.171,9.24,0,3.4,80.98,0.869,19.6,52.7,0,0,260,588,94,54,116,374,267,2611,6199,5625
Czechia,594145,9881,0.0166,10708982,137.176,43.3,19.027,11.58,32605.906,227.485,6.82,0,6.63,79.38,0.888,30.5,38.3,0,0,3305,4374,1586,2686,4620,8044,46145,264339,188196,70850
Democratic Republic of Congo,14929,363,0.0243,89561404,35.879,17,3.02,1.745,808.133,318.949,6.1,4.472,0,60.68,0.457,0,0,0,0,97,474,2498,3969,2031,1027,562,647,1466,2158
Denmark,120329,974,0.0081,5792203,136.52,42.3,19.677,12.325,46682.515,114.767,6.41,0,2.5,80.9,0.929,19.3,18.8,0,2,3036,6317,2513,1099,1060,3382,11069,18384,34139,39328
Djibouti,5758,60,0.0104,988002,41.285,25.4,4.213,2.38,2705.406,258.037,6.05,0,1.4,67.11,0.476,1.7,24.5,0,0,29,1059,2265,1328,402,303,29,145,118,80
Dominica,87,0,0.0000,71991,98.567,0,0,0,9673.367,227.376,11.62,0,3.8,75,0.715,0,0,0,0,11,4,0,2,0,2,10,20,35,3
Dominican Republic,156584,2371,0.0151,10847904,222.873,27.6,6.981,4.419,14600.861,266.653,8.2,55.182,1.6,74.08,0.736,8.5,19.1,0,0,1108,5863,10313,15283,37081,25066,17494,14809,16970,12597
Ecuador,203455,13913,0.0684,17643060,66.939,28.1,7.104,4.458,10581.936,140.448,5.55,80.635,1.5,77.01,0.752,2,12.3,0,0,2234,22694,14164,17334,28923,28412,23280,31145,24493,10776
Egypt,123152,6989,0.0568,102334403,97.999,25.3,5.159,2.891,10550.206,525.432,17.31,89.827,1.6,71.99,0.696,0.2,50.1,0,0,709,4827,19448,43326,25767,4861,4259,4357,8356,7242
El Salvador,42396,1218,0.0287,6486201,307.811,27.6,8.273,5.417,7292.458,167.295,8.87,90.65,1.3,73.32,0.674,2.5,18.8,0,0,31,363,2122,3921,10194,9097,3348,4368,4960,3992
Equatorial Guinea,5194,84,0.0162,1402985,45.194,22.4,2.846,1.752,22604.873,202.812,7.78,24.64,2.1,58.74,0.591,0,0,0,0,11,303,991,695,2820,120,89,58,65,42
Eritrea,710,0,0.0000,3546427,44.304,19.3,3.607,2.171,1510.459,311.11,6.05,0,0.7,66.32,0.44,0.2,11.4,0,0,14,24,0,164,76,40,56,88,114,134
Estonia,19270,159,0.0083,1326539,31.033,42.7,19.452,13.491,29481.252,255.569,4.02,0,4.69,78.74,0.871,24.5,39.3,0,0,744,944,180,120,75,311,996,1534,7403,6963
Eswatini,7025,134,0.0191,1160164,79.492,21.5,3.163,1.845,7738.975,333.436,3.94,24.097,2.1,60.19,0.588,1.7,16.5,0,0,8,91,185,527,1836,1929,905,435,502,607
Ethiopia,118005,1816,0.0154,114963583,104.957,19.8,3.526,2.063,1729.927,182.634,7.47,7.96,0.3,66.6,0.463,0.4,8.5,0,0,25,105,1041,4674,11684,34601,23237,20801,13905,7932
Fiji,45,1,0.0222,896444,49.562,28.6,6.224,3.284,8702.975,412.82,14.49,0,2.3,67.44,0.741,10.2,34.8,0,0,4,13,0,0,9,1,4,2,8,4
Finland,31869,471,0.0148,5540718,18.136,42.8,21.228,13.264,40585.721,153.507,5.76,0,3.28,81.91,0.92,18.3,22.6,0,2,1415,3577,1864,355,218,654,1906,6121,8799,6958
France,2465124,59471,0.0241,65273512,122.578,42,19.718,13.079,38605.671,86.06,4.77,0,5.98,82.66,0.901,30.1,35.6,0,95,52178,116583,22114,13269,22995,93921,284733,808471,862510,188252
Gabon,9372,62,0.0066,2225728,7.859,23.1,4.45,2.976,16562.413,259.967,7.2,0,6.3,66.47,0.702,0,0,0,0,15,260,2379,2739,1958,1181,233,202,246,159
Gambia,3785,122,0.0322,2416664,207.566,17.5,2.339,1.417,1561.767,331.43,1.91,7.876,1.1,62.05,0.46,0.7,31.2,0,0,3,7,14,24,449,2465,616,93,70,44
Georgia,198386,1921,0.0097,3989175,65.032,38.7,14.864,10.244,9745.079,496.218,7.11,0,2.6,73.77,0.78,5.3,55.5,0,0,109,429,244,145,240,319,4705,32744,96648,62803
Germany,1423829,24271,0.0170,83783945,237.016,46.6,21.453,15.957,45229.245,156.139,8.31,0,8,81.33,0.936,28.2,33.1,0,74,71729,91201,20401,12008,14981,34403,48111,238877,538122,353918
Ghana,53383,326,0.0061,31072945,126.719,21.1,3.385,1.948,4227.63,298.245,4.97,41.047,0.9,64.07,0.592,0.3,7.7,0,0,158,1913,5996,9671,17760,8797,2328,1429,3612,1719
Greece,127556,3869,0.0303,10423056,83.479,45.3,20.396,14.524,24574.382,175.695,4.55,0,4.21,82.24,0.87,35.3,52,0,3,1310,1277,326,492,1068,5840,8158,20776,66020,22286
Grenada,84,0,0.0000,112519,317.132,29.4,7.304,5.021,13593.877,243.964,10.71,0,3.7,72.4,0.772,0,0,0,0,8,11,3,0,1,0,0,4,13,44
Guatemala,130827,4509,0.0345,17915567,157.834,22.9,4.694,3.016,7423.808,155.898,10.18,76.665,0.6,74.3,0.65,0,0,0,0,37,561,4488,13009,31693,24285,17672,16193,14123,8766
Guinea,13473,79,0.0059,13132792,51.755,19,3.135,1.733,1998.926,336.717,2.42,17.45,0.3,61.6,0.459,0,0,0,0,21,1473,2211,1685,1917,2101,1243,1420,1047,355
Guinea-Bissau,2445,43,0.0176,1967998,66.191,19.4,3.002,1.565,1548.675,382.474,2.42,6.403,0,58.32,0.455,0,0,0,0,6,197,1051,398,327,224,119,89,28,6
Guyana,6015,157,0.0261,786559,3.952,26.3,5.305,2.837,7435.047,373.159,11.62,77.159,1.6,69.91,0.654,0,0,0,0,11,70,71,92,168,893,1588,1268,1244,610
Haiti,9595,233,0.0243,11402533,398.448,24.3,4.8,2.954,1653.173,430.548,6.65,22.863,0.7,64,0.498,2.9,23.1,0,0,13,66,2043,3851,1449,800,542,291,237,303
Honduras,115315,3012,0.0261,9904608,82.805,24.9,4.652,2.883,4541.795,240.208,7.21,84.169,0.7,75.27,0.617,2,0,0,0,139,630,4431,14356,22456,19000,15886,19988,11365,7064
Hong Kong,0,0,0.0000,7496988,7039.714,44.8,16.303,10.158,56054.92,0,8.33,0,0,84.86,0.933,0,0,0,0,0,0,0,0,0,0,0,0,0,0
Hungary,288565,7380,0.0256,9660350,108.043,43.4,18.577,11.976,26777.561,278.296,7.55,0,7.02,76.88,0.838,26.8,34.8,0,0,490,2283,1101,279,350,1634,20322,48860,141801,71445
Iceland,5577,27,0.0048,341250,3.404,37.3,14.431,9.207,46482.958,117.992,5.31,0,2.91,82.99,0.935,14.3,15.2,0,0,1134,662,9,18,61,222,621,2137,527,186
India,9956556,144450,0.0145,1380004385,450.419,28.2,5.989,3.414,6426.674,282.28,10.39,59.55,0.53,69.66,0.64,1.9,20.6,0,2,1394,33466,155746,394872,1110507,1995178,2621418,1871498,1278727,493748
Indonesia,636152,19247,0.0303,273523621,145.725,29.3,5.319,3.053,11188.744,342.864,6.32,64.204,1.04,71.72,0.694,2.8,76.1,0,0,1526,8590,16355,29912,51991,66420,112212,123080,128795,97271
International,660,13,0.0197,0,0,0,0,0,0,0,0,0,0,0,0,0,0,0,644,9,7,0,0,0,0,0,0,0,0
Iran,1131075,52881,0.0468,83992953,49.831,32.4,5.44,3.182,19082.62,270.308,9.59,0,1.5,76.68,0.798,0.8,21.1,0,591,44012,50035,56826,76196,76542,71008,82007,155553,349298,169007
Iraq,578915,12634,0.0218,40222503,88.125,20,3.186,1.957,15663.986,218.612,8.83,94.576,1.4,70.6,0.685,0,0,0,12,681,1391,4354,42670,75500,110325,128047,109649,79919,26367
Ireland,77196,2139,0.0277,4937796,69.874,38.7,13.928,8.678,67335.293,126.459,3.28,0,2.96,82.3,0.938,23,25.7,0,0,3234,17377,4378,483,592,2746,7344,25301,11088,4653
Israel,365041,3033,0.0083,8655541,402.606,30.6,11.733,7.359,33132.32,93.32,6.74,0,2.99,82.97,0.903,15.4,35.4,0,5,5711,10179,1183,8359,46296,45172,130505,66938,22842,27851
Italy,1888142,66536,0.0352,60461828,205.859,47.9,23.021,16.24,35220.084,113.151,4.78,0,3.18,83.51,0.88,19.8,27.8,0,1126,104664,99671,27534,7581,6959,21677,45647,364569,922124,286590
Jamaica,11906,275,0.0231,2961161,266.879,31.4,9.684,6.39,8193.571,206.537,11.28,66.425,1.7,74.47,0.732,5.3,28.6,0,0,35,386,164,116,176,1581,4023,2612,1669,1144
Japan,187749,2622,0.0140,126476458,347.778,48.2,27.049,18.493,39002.223,79.37,5.72,0,13.05,84.63,0.909,11.2,33.7,0,230,2010,12029,2467,1864,17619,32162,15195,17736,47635,38789
Jordan,267584,3464,0.0129,10203140,109.285,23.2,3.81,2.361,8337.49,208.257,11.75,0,1.4,74.53,0.735,0,0,0,0,273,179,286,393,61,841,9791,60782,146823,48155
Kazakhstan,188833,2612,0.0138,18776707,6.681,30.6,6.991,4.625,24055.588,466.792,7.11,98.999,6.7,73.6,0.8,7,43.1,0,0,339,3059,7456,11450,68059,40306,10034,8992,24864,14274
Kenya,92852,1613,0.0174,53771300,87.324,20,2.686,1.528,2993.028,218.637,2.92,24.651,1.4,66.7,0.59,1.2,20.4,0,0,58,337,1566,4404,14270,13565,4328,16663,28426,9235
Kosovo,47497,1224,0.0258,1932774,168.155,0,0,0,9795.834,0,0,0,0,0,0,0,0,0,0,104,693,271,1729,5531,5124,2166,3708,20268,7903
Kuwait,146970,912,0.0062,4270563,232.128,33.7,2.345,1.114,65530.537,132.235,15.84,0,2,75.49,0.803,2.7,37,0,44,244,3735,23019,19152,20762,18152,20073,20744,16709,4336
Kyrgyzstan,78148,1316,0.0168,6524191,32.333,26.3,4.489,2.882,3393.474,436.362,7.11,89.22,4.5,71.45,0.672,3.6,50.5,0,0,104,639,1002,3758,30299,8093,2771,12209,14300,4973
Laos,39,0,0.0000,7275556,29.715,24.4,4.029,2.322,6397.36,368.111,4,49.839,1.5,67.92,0.601,7.3,51.2,0,0,7,10,0,0,1,2,1,1,15,2
Latvia,27494,381,0.0139,1886202,31.212,43.9,19.754,14.136,25063.846,350.06,4.91,0,5.57,75.29,0.847,25.6,51,0,0,397,460,208,52,113,165,428,4070,11181,10420
Lebanon,150932,1233,0.0082,6825442,594.561,31.1,8.514,5.43,13367.565,266.591,12.71,0,2.9,78.93,0.757,26.9,40.7,0,3,466,255,495,558,2777,12753,22326,41594,46716,22989
Lesotho,2364,45,0.0190,2142252,73.562,22.2,4.506,2.647,2851.153,405.126,3.94,2.117,0,54.33,0.52,0.4,53.9,0,0,0,0,1,25,577,481,510,358,156,256
Liberia,1772,82,0.0463,5057677,49.127,19.2,3.057,1.756,752.788,272.509,2.42,1.188,0.8,64.1,0.435,1.5,18.1,0,0,2,138,147,492,406,118,39,83,169,178
Libya,92576,1323,0.0143,6871287,3.623,29,4.424,2.816,17881.509,341.862,10.43,0,3.7,72.91,0.706,0,0,0,0,9,51,95,668,2797,10345,20559,26570,21714,9768
Liechtenstein,1599,20,0.0125,38137,237.012,0,0,0,0,0,7.77,0,2.397,82.49,0.916,0,0,0,0,67,14,0,0,6,19,11,415,737,330
Lithuania,99868,906,0.0091,2722291,45.135,43.5,19.002,13.778,29524.265,342.989,3.67,0,6.56,75.93,0.858,21.3,38,0,0,536,848,290,142,258,831,1787,10131,46501,38544
Luxembourg,42844,420,0.0098,625976,231.447,39.7,14.312,9.842,94277.965,128.275,4.42,0,4.51,82.25,0.904,20.9,26,0,0,2177,1606,234,281,2396,-70,1884,8625,17544,8167
Madagascar,17584,258,0.0147,27691019,43.951,19.6,2.929,1.686,1416.44,405.994,3.94,50.54,0.2,67.04,0.519,0,0,0,0,54,71,643,1443,8654,3995,1545,703,230,246
Malawi,6088,186,0.0306,19129955,197.519,18.1,2.979,1.783,1095.042,227.349,3.94,8.704,1.3,64.26,0.477,4.4,24.7,0,0,0,34,247,940,2854,1488,207,157,98,63
Malaysia,87910,427,0.0049,32365998,96.254,29.9,6.293,3.407,26808.164,260.942,16.74,0,1.9,76.16,0.802,1,42.4,0,17,2741,3236,1817,820,337,364,1884,20324,34149,22216
Maldives,13398,47,0.0035,540542,1454.433,30.6,4.12,2.875,15183.616,164.905,9.19,95.803,0,78.92,0.717,2.1,55,0,0,14,450,1305,588,1432,4011,2487,1368,1352,391
Mali,5967,208,0.0349,20250834,15.196,16.4,2.519,1.486,2014.306,268.024,2.42,52.232,0.1,59.31,0.427,1.6,23,0,0,26,462,775,916,354,241,342,436,1156,1259
Malta,11412,179,0.0157,441539,1454.037,42.4,19.426,11.324,36513.323,168.711,8.83,0,4.485,82.53,0.878,20.9,30.2,0,0,166,296,153,52,154,1059,1175,2984,3831,1542
Marshall Islands,2,0,0.0000,59194,295.15,0,0,0,3819.202,557.793,30.53,82.502,2.7,73.7,0.708,0,0,0,0,0,0,0,0,0,0,0,0,2,0
Mauritania,11628,243,0.0209,4649660,4.289,20.3,3.138,1.792,3597.633,232.347,2.42,15.95,0,64.92,0.52,0,0,0,0,5,2,522,3833,1947,738,454,201,898,3028
Mauritius,521,9,0.0173,1271767,622.962,37.4,10.945,5.884,20292.745,224.644,22.02,0,3.4,74.99,0.79,3.2,40.7,0,0,140,189,3,6,3,12,25,60,63,20
Mexico,1277498,115768,0.0906,128932753,66.444,29.3,6.857,4.321,17336.469,152.783,13.06,87.847,1.38,75.05,0.774,6.9,21.4,0,3,1211,18009,71440,135425,198548,174923,143656,181746,188581,163956
Moldova,130328,2649,0.0203,4033963,123.655,37.6,10.864,6.955,5189.972,408.502,5.72,86.979,5.8,71.9,0.7,5.9,44.6,0,0,352,3544,4354,8362,8120,12187,16122,22998,31324,22965
Monaco,684,2,0.0029,39244,19347.5,0,0,0,0,0,5.46,0,13.8,86.75,0,0,0,0,0,51,43,4,4,17,34,64,141,250,76
Mongolia,922,0,0.0000,3278292,1.98,28.6,4.031,2.421,11840.846,460.043,4.82,71.18,7,69.87,0.741,5.5,46.5,0,0,11,26,141,41,71,13,9,33,455,122
Montenegro,42561,609,0.0143,628062,46.28,39.1,14.762,9.395,16409.288,387.305,10.08,0,3.861,76.88,0.814,44,47.9,0,0,107,213,2,224,2525,1762,5937,7569,16924,7298
Morocco,406969,6748,0.0166,36910558,80.08,29.6,6.769,4.209,7485.013,419.146,7.14,0,1.1,76.68,0.667,0.8,47.1,0,0,616,3806,3384,4726,11789,38268,61063,95431,137252,50634
Mozambique,17142,144,0.0084,31255435,37.728,17.7,3.158,1.87,1136.103,329.942,3.3,12.227,0.7,60.85,0.437,5.1,29.1,0,0,7,68,178,635,975,2052,4812,4141,2832,1442
Myanmar,111892,2345,0.0210,54409794,81.721,29.1,5.732,3.12,5591.597,202.104,4.61,79.287,0.9,67.13,0.578,6.3,35.2,0,0,7,136,73,75,54,529,12491,39333,38007,21187
Namibia,17274,163,0.0094,2540916,3.078,22,3.552,2.085,9541.808,243.811,3.94,44.6,0,63.71,0.647,9.7,34.2,0,0,9,5,8,181,1924,5421,3715,1670,1445,2896
Nepal,250915,1742,0.0069,29136808,204.43,25,5.809,3.212,2442.804,260.797,7.26,47.782,0.3,70.78,0.574,9.5,37.8,0,0,4,52,1515,11992,6207,19689,38357,92926,62709,17464
Netherlands,650071,10332,0.0159,17134873,508.544,43.2,18.779,11.881,48472.545,109.361,5.29,0,3.32,82.28,0.931,24.4,27.3,0,5,12661,26845,7133,3838,4107,18642,52756,231652,174290,118142
New Zealand,2099,24,0.0114,4822233,18.206,37.9,15.322,9.72,36085.843,128.797,8.08,0,2.61,82.29,0.917,14.8,17.2,0,0,646,832,25,24,34,190,96,111,100,41
Nicaragua,5937,162,0.0273,6624554,51.667,27.3,5.445,3.519,5321.444,137.016,11.47,0,0.9,74.48,0.658,0,0,0,0,4,9,745,1760,1153,822,676,344,270,154
Niger,2360,81,0.0343,24206636,16.955,15.1,2.553,1.378,926,238.339,2.42,8.978,0.3,62.42,0.354,0.1,15.4,0,0,26,692,239,117,59,42,21,23,328,813
Nigeria,75061,1199,0.0160,206139587,209.588,18.1,2.751,1.447,5338.454,181.013,2.42,41.949,0,54.69,0.532,0.6,10.8,0,0,134,1797,8230,15532,17457,10857,4840,4005,4704,7505
North Macedonia,75596,2193,0.0290,2083380,82.6,39.1,13.26,8.16,13111.214,322.688,10.08,0,4.28,75.8,0.757,0,0,0,0,328,1136,761,4108,4420,3587,3636,13595,30306,13719
Norway,42311,399,0.0094,5421242,14.462,39.7,16.821,10.813,64800.057,114.316,5.31,0,3.6,82.4,0.953,19.6,20.7,0,14,4626,3097,702,439,361,1542,3245,6304,15819,6162
Oman,126833,1479,0.0117,5106622,14.98,30.7,2.355,1.53,37960.709,266.342,12.61,97.4,1.6,77.86,0.821,0.5,15.6,0,4,186,2156,9089,28633,39089,6563,12863,15849,9265,3136
Pakistan,448520,9078,0.0202,220892331,255.573,23.5,4.495,2.78,5034.708,423.031,8.35,59.607,0.6,67.27,0.562,2.8,36.7,0,2,2114,15996,54346,141010,64835,17544,16957,21164,66512,48040
Palestine,115602,1047,0.0091,5101416,778.202,20.4,3.043,1.726,4449.898,265.91,10.59,0,0,74.05,0.686,0,0,0,0,115,225,104,1980,9409,10892,17170,13621,32127,29959
Panama,199946,3438,0.0172,4314768,55.133,29.7,7.918,5.03,22267.037,128.346,8.33,0,2.3,78.51,0.789,2.4,9.9,0,0,1180,5351,6931,20087,31706,27726,19613,21003,32208,34141
Papua New Guinea,728,7,0.0096,8947027,18.22,22.6,3.808,2.142,3823.194,561.494,17.65,0,0,64.5,0.544,23.5,48.8,0,0,0,7,0,3,61,387,75,55,67,73
Paraguay,96208,2013,0.0209,7132530,17.144,26.5,6.378,3.833,8827.01,199.128,8.27,79.602,1.3,74.25,0.702,5,21.6,0,0,64,201,720,1235,3117,12324,23096,22427,19239,13785
Peru,986129,36751,0.0373,32971846,25.129,29.1,7.151,4.455,12236.706,85.755,5.95,0,1.6,76.74,0.75,4.8,0,0,0,1064,35911,127500,120737,122279,239674,164602,88412,62350,23600
Philippines,452987,8832,0.0195,109581085,351.873,25.2,4.803,2.661,7599.188,370.437,7.07,78.463,1,71.23,0.699,7.8,40.8,0,2,2081,6404,9598,19428,55840,127465,90875,69035,50901,21358
Poland,1159900,23913,0.0206,37846605,124.027,41.8,16.763,10.202,27216.445,227.331,5.91,0,6.62,78.73,0.865,23.3,33.1,0,0,2310,10566,10909,10607,11295,21684,24142,271217,628080,169090
Portugal,358294,5814,0.0162,10196707,112.371,46.2,21.502,14.924,27936.896,127.842,9.85,0,3.39,82.05,0.847,16.3,30,0,0,7441,17602,7455,9641,8931,6940,17530,65737,156782,60235
Qatar,141416,241,0.0017,2881060,227.322,31.9,1.307,0.617,116935.6,176.69,16.52,0,1.2,80.23,0.856,0.8,26.9,0,0,780,12628,43501,39178,14607,8083,6982,6796,6277,2584
Romania,571748,13859,0.0242,19237682,85.129,43,17.85,11.69,23313.199,370.946,9.74,0,6.892,76.05,0.811,22.9,37.1,0,2,2242,9995,7017,7713,23916,36654,40032,113767,234023,96387
Russia,2708938,47993,0.0177,145934460,8.823,39.6,14.178,9.393,24765.954,431.297,6.18,0,8.05,72.58,0.816,23.4,58.3,0,0,2335,104161,299345,241086,191532,153941,178397,435468,669669,433004
Rwanda,6953,56,0.0081,12952209,494.869,20.3,2.974,1.642,1854.211,191.375,4.28,4.617,0,69.02,0.524,4.7,21,0,0,74,168,127,655,997,2041,777,297,797,1020
Saint Kitts and Nevis,26,0,0.0000,53192,212.865,0,0,0,24654.385,0,12.84,0,2.3,76.23,0.778,0,0,0,0,6,7,0,0,2,0,2,0,3,6
Saint Lucia,277,3,0.0108,183629,293.187,34.9,9.721,6.405,12951.839,204.62,11.62,87.202,1.3,76.2,0.747,0,0,0,0,12,4,1,1,6,1,1,51,181,19
Saint Vincent and the Grenadines,99,0,0.0000,110947,281.787,31.8,7.724,4.832,10727.146,252.675,11.62,0,2.6,72.53,0.723,0,0,0,0,0,15,10,3,25,6,4,10,11,15
Samoa,1,0,0.0000,198410,69.413,22,5.606,3.564,6021.557,348.977,9.21,0,0,73.32,0.713,16.7,38.1,0,0,0,0,0,0,0,0,0,0,1,0
San Marino,2024,53,0.0262,33938,556.667,0,0,0,56861.47,0,5.64,0,3.8,84.97,0,0,0,0,0,235,333,102,27,1,16,17,196,684,413
Sao Tome and Principe,1006,16,0.0159,219161,212.841,18.7,2.886,2.162,3052.714,270.113,2.42,41.34,2.9,70.39,0.589,0,0,0,0,0,10,469,231,157,25,15,34,46,19
Saudi Arabia,360334,6079,0.0169,34813867,15.322,31.9,3.295,1.845,49045.411,259.538,17.72,0,2.7,75.13,0.853,1.8,25.4,0,0,1562,21190,62508,105562,85082,39867,18833,12677,10078,2975
Senegal,17335,351,0.0202,16743930,82.328,18.7,3.008,1.796,2470.58,241.219,2.42,20.859,0,67.94,0.505,0.4,16.6,0,0,174,758,2712,3148,3439,3379,1371,634,473,1247
Serbia,282600,2481,0.0088,6804596,80.291,41.2,17.366,0,14048.881,439.415,10.08,97.719,5.609,76,0.787,37.7,40.2,0,0,899,8109,2403,3152,10988,5854,2145,13403,128484,107163
Seychelles,200,0,0.0000,98340,208.354,36.2,8.606,5.586,26382.287,242.648,10.55,0,3.6,73.4,0.797,7.1,35.7,0,0,8,1,0,70,33,22,8,9,30,19
Sierra Leone,2459,74,0.0301,7976985,104.7,19.1,2.538,1.285,1390.3,325.721,2.42,19.275,0,54.7,0.419,8.8,41.3,0,0,0,123,737,601,361,199,209,135,46,48
Singapore,58352,27,0.0005,5850343,7915.731,42.4,12.922,7.049,85535.383,92.243,10.99,0,2.4,83.62,0.932,5.2,28.3,0,89,824,15243,18715,9023,8298,4607,953,250,203,135
Slovakia,139087,1308,0.0094,5459643,113.128,41.2,15.07,9.167,30155.152,287.959,7.29,0,5.82,77.54,0.855,23.1,37.7,0,0,362,1033,125,146,625,1625,6224,47523,48265,33159
Slovenia,100399,2189,0.0218,2078932,102.619,44.5,19.062,12.93,31400.84,153.493,7.25,0,4.5,81.32,0.896,20.1,25,0,0,800,627,44,127,556,727,2807,28617,41507,24587
Solomon Islands,15,0,0.0000,686878,21.841,20.8,3.507,2.043,2205.923,459.78,18.68,35.89,1.4,73,0.546,0,0,0,0,0,0,0,0,0,0,0,6,9,0
Somalia,4578,120,0.0262,15893219,23.5,16.8,2.731,1.496,0,365.769,6.05,9.831,0.9,57.4,0,0,0,0,0,4,596,1375,948,288,98,278,353,510,128
South Africa,883686,23826,0.0270,59308690,46.754,27.3,5.344,3.053,12294.876,200.38,5.52,43.993,2.32,64.13,0.699,8.1,33.2,0,0,1352,4294,27036,118526,341974,133858,47298,51113,64552,93683
South Korea,46452,633,0.0136,51269183,527.967,43.4,13.914,8.622,35938.374,85.998,6.8,0,12.27,83.03,0.903,6.2,40.9,0,3139,6636,988,729,1347,1486,5846,3707,2746,8017,11801
South Sudan,3221,58,0.0180,11193729,0,19.2,3.441,2.032,1569.888,280.775,10.43,0,0,57.85,0.388,0,0,0,0,0,34,959,1013,315,205,177,201,204,113
Spain,1773289,48595,0.0274,46754783,93.105,45.5,19.436,13.799,34272.36,99.403,7.17,0,2.97,83.56,0.891,27.4,31.4,0,44,95878,117512,26044,9792,39251,174336,306330,416490,462509,125103
Sri Lanka,34736,159,0.0046,21413250,341.955,34.1,10.069,5.331,11669.077,197.093,10.68,0,3.6,76.98,0.77,0.3,27,0,0,142,520,970,414,768,234,331,7283,13324,10750
Sudan,22081,1383,0.0626,43849269,23.258,19.7,3.548,2.034,4466.507,431.388,15.67,23.437,0.8,65.31,0.502,0,0,0,0,6,435,4584,4231,2387,1545,451,164,4006,4272
Suriname,5400,116,0.0215,586634,3.612,29.6,6.933,4.229,13767.119,258.314,12.54,67.779,3.1,71.68,0.72,7.4,42.9,0,0,8,1,13,492,1135,2384,843,326,109,89
Sweden,348584,7801,0.0224,10099270,24.718,41,19.985,13.433,46949.283,133.982,4.79,0,2.22,82.8,0.933,18.8,18.9,0,13,4820,16767,17060,29263,9152,7303,8484,31492,118774,105456
Switzerland,394452,6378,0.0162,8654618,214.243,43.1,18.436,12.644,57410.166,99.739,5.59,0,4.53,83.78,0.944,22.6,28.9,0,17,16587,12981,1276,852,3518,6945,11105,100969,172821,67381
Syria,9602,553,0.0576,17500657,0,21.7,0,2.577,0,376.264,0,70.598,1.5,72.7,0.536,0,0,0,0,9,33,79,157,478,2008,1435,1528,2159,1716
Taiwan,748,6,0.0080,23816775,0,42.2,0,8.353,0,103.957,0,0,0,80.46,0,0,0,0,29,283,107,13,5,20,21,26,41,120,74
Tajikistan,12800,87,0.0068,9537642,64.281,23.3,3.466,2.155,2896.913,427.698,7.11,72.704,4.8,71.1,0.65,0,0,0,0,0,0,3915,1970,1509,1174,1186,1248,1177,621
Tanzania,508,20,0.0394,59734213,64.699,17.7,3.108,1.874,2683.304,217.288,5.75,47.953,0.7,65.46,0.538,3.3,26.7,0,0,18,461,29,0,0,0,0,0,0,0
Thailand,4279,59,0.0138,69799978,135.132,40.1,11.373,6.89,16277.671,109.861,7.04,90.67,2.1,77.15,0.755,1.9,38.8,0,23,1609,1303,127,90,139,107,152,215,224,273
Timor,30,0,0.0000,1318442,87.176,18,3.556,1.897,6570.102,335.346,6.86,28.178,5.9,69.5,0.625,6.3,78.1,0,0,0,23,0,0,0,3,1,2,0,1
Togo,3314,65,0.0196,8278737,143.366,19.4,2.839,1.525,1429.813,280.033,6.15,10.475,0.7,61.04,0.503,0.9,14.2,0,0,33,82,326,208,291,459,384,547,643,341
Trinidad and Tobago,6915,122,0.0176,1399491,266.886,36.2,10.014,5.819,28763.071,228.467,10.97,89.443,3,73.51,0.784,0,0,0,0,85,29,1,13,39,1590,2772,1161,977,248
Tunisia,114546,3996,0.0349,11818618,74.228,32.7,8.001,5.075,10849.297,318.991,8.52,78.687,2.3,76.7,0.735,1.1,65.8,0,0,393,600,83,97,361,2268,14610,41400,36956,17778
Turkey,1928164,17120,0.0089,84339067,104.914,31.6,8.153,5.061,25129.341,171.285,12.13,0,2.81,77.69,0.791,14.1,41.1,0,0,13530,106673,43738,35964,30967,39260,48530,56704,263480,1289318
Uganda,28732,224,0.0078,45741000,213.759,16.4,2.168,1.308,1697.707,213.333,2.5,21.222,0.5,63.37,0.516,3.4,16.7,0,0,43,39,334,472,265,1818,5157,4366,7964,8274
Ukraine,945217,16313,0.0173,43733759,77.39,41.4,16.462,11.133,7894.393,539.849,7.11,0,8.8,72.06,0.751,13.5,47.4,0,0,644,9761,13266,21582,26150,52728,90314,184884,353013,192875
United Arab Emirates,188541,624,0.0033,9890400,112.442,34,1.144,0.526,67293.483,317.84,17.26,0,1.2,77.97,0.863,1.2,37.4,0,17,643,11817,22076,14110,11839,9725,23959,38439,36231,19685
United Kingdom,1918734,65617,0.0342,67886004,272.898,40.8,18.517,12.527,39753.244,122.137,4.28,0,2.54,81.32,0.922,20,24.7,0,59,38754,139956,78768,27677,19577,33290,117763,558947,618940,285003
United States,16973375,307428,0.0181,331002647,35.608,38.3,15.413,9.732,54225.446,151.089,10.79,0,2.77,78.86,0.924,19.1,24.6,0,17,192152,884047,718241,842906,1915966,1463760,1202896,1917201,4462302,3373880
Uruguay,10889,101,0.0093,3473727,19.751,35.6,14.655,10.361,20551.409,160.708,6.93,0,2.8,77.91,0.804,14,19.9,0,0,334,305,180,113,328,331,451,1078,2733,5036
Uzbekistan,75537,611,0.0081,33469199,76.134,28.2,4.469,2.873,6253.104,724.417,7.57,0,4,71.72,0.71,1.3,24.7,0,0,171,1867,1584,4880,15506,17884,14824,10215,6162,2444
Vanuatu,0,0,0.0000,307150,22.662,23.1,4.394,2.62,2921.909,546.3,12.02,25.209,0,70.47,0.603,2.8,34.5,0,0,0,0,0,0,0,0,0,0,0,0
Vatican,26,0,0.0000,809,0,0,0,0,0,0,0,0,0,75.12,0,0,0,0,0,5,5,1,0,0,0,0,15,0,0
Venezuela,108715,969,0.0089,28435943,36.253,29,6.614,3.915,16745.022,204.85,6.47,0,0.8,72.06,0.761,0,0,0,0,133,198,1177,4322,12742,28154,28394,16891,10381,6323
Vietnam,1403,32,0.0228,97338583,308.127,32.6,7.15,4.718,6171.884,245.465,6,85.847,2.6,75.4,0.694,1,45.9,0,14,196,58,58,27,203,486,50,86,167,58
World,74218638,1648737,0.0222,7794798729,58.045,30.9,8.696,5.355,15469.207,233.07,8.51,60.13,2.705,72.58,0,6.434,34.635,0,75982,789539,2399372,2909568,4268439,7137657,7908516,8497005,12117139,17225798,10880281
Yemen,2084,604,0.2898,29825968,53.508,20.3,2.922,1.583,1479.147,495.003,5.35,49.542,0.7,66.12,0.452,7.6,29.2,0,0,0,5,317,835,570,230,76,29,128,-106
Zambia,18454,368,0.0199,18383956,22.995,17.7,2.48,1.542,3689.251,234.499,3.94,13.938,2,63.89,0.588,3.1,24.7,0,0,33,71,951,537,4369,6134,2662,1673,1215,809
Zimbabwe,11748,312,0.0266,14862927,42.729,19.6,2.822,1.882,1899.775,307.846,1.82,36.791,1.7,61.49,0.535,1.6,30.7,0,0,7,32,138,413,2578,3328,1341,529,1583,1799